"测试","A_avg","A_l1","B_avg","B_l1","C_avg","C_l1","D_avg","D_l1"
"Badlands flyby","3572","355","6010","851","4602","546","4925","667"
"Cherry grove flyby","3147","326","5752","650","4576","500","4733","674"
"Chickens ×300 ring","1651","618","2185","771","1721","660","1747","684"
"Comparator storage (8×8 chests + comparators)","3129","1032","4266","1360","3343","1062","3631","1059"
"Cows ×200 ring","2238","689","2888","895","2233","729","2318","813"
"Dark forest flyby (dense canopy)","2076","220","4877","616","4090","353","4350","799"
"Desert flyby (single-biome world)","2794","336","5213","689","4359","526","4546","944"
"Falling gravel mixed (lite, staggered)","4312","873","6011","1495","5517","1146","5847","1478"
"Falling gravel mixed heavy (sand+gravel+concrete)","2116","34","2152","74","2725","34","2764","68"
"Falling sand wall (lite, staggered)","4298","888","5857","1438","5562","1154","5744","1400"
"Falling sand wall 40×40 (heavy)","2114","32","2165","66","2792","34","2842","73"
"Fluid spread (water basin, 4-step periodic reset)","4324","1220","5402","1541","5208","1235","5654","1616"
"Forest flyby","2156","250","4940","628","4174","447","3864","856"
"Hopper grid 20×20 (transfer storm)","3719","1155","5079","1452","4578","1468","4685","1519"
"Idle baseline (orbit, flat world)","4485","1260","6380","1814","5593","1480","5982","1702"
"Item entities ×500","780","353","1229","526","910","405","938","455"
"Item merge storm (cobblestone, mergeable)","566","115","705","228","618","120","673","237"
"Jungle flyby (single-biome world)","1488","162","3683","478","2454","331","2537","568"
"Lighting update (16×16 glowstone reveal/hide)","4302","1168","5904","1519","5696","1383","5594","1547"
"Particle cycle (7 types → all together)","3508","890","4773","819","4222","1117","4901","1316"
"Particle diversity stress (16 types simultaneously)","437","156","495","201","440","221","440","224"
"Pigs ×250 ring","2171","699","2597","822","2208","750","2200","780"
"Piston/slime array (8×8 toggled every 8t)","4443","1157","6167","1670","5680","1535","5820","1622"
"Plains flyby (single-biome world)","2468","285","5147","687","4378","483","4503","762"
"Projectile storm (arrows + snowballs)","1935","615","2362","745","2151","731","2194","768"
"Redstone clocks (6×6)","4080","1162","6192","1704","5461","1561","5465","1551"
"Redstone dust grid (16 trails ×32 + repeaters + lamps)","4303","882","5983","1429","5429","1219","5417","1270"
"Savanna flyby","2712","302","5766","767","4568","501","4685","896"
"Sheep ×200 ring","1242","533","1514","647","1395","598","1364","601"
"Snowy plains flyby","3338","388","5718","685","4531","443","4809","746"
"Static dense forest (orbit canopy, no worldgen)","4673","1295","5542","1610","5182","1578","5358","1671"
"Swamp flyby","1946","212","4969","336","4140","470","4435","794"
"Taiga flyby (single-biome world)","3121","320","5472","621","4412","405","4554","584"
"TNT field (14×14 staggered fuses)","3638","1001","5027","1349","4380","1267","4434","1332"
"TNT field destructive (breaks terrain)","3047","770","4708","1299","4275","1128","4026","1185"
"Villager AI village (80, brain on)","1148","530","1468","707","1225","604","1308","622"
"Villagers ×100 ring","1639","656","2008","817","1785","745","1816","787"
"Windswept hills flyby","2456","296","5498","775","4358","524","4643","1033"
"XP orbs ×500 ring","1410","248","1614","385","1779","259","1822","427"
"Zombies ×150 ring (AI on)","1227","485","1407","610","1241","550","1227","566"
"Zombies obstacle pathfinding (150 + pillar maze)","1456","557","1700","631","1455","574","1521","648"
